Keyword,Volumen Est.,CPC Est. ARS,Competencia,Categoria,Match Type
seguro auto rosario,2900,120,Alto,Auto,[Exacto]
cotizar seguro auto rosario,1600,85,Medio,Auto,[Frase]
seguro auto barato rosario,2100,95,Medio,Auto,[Exacto]
seguro contra terceros rosario,1800,110,Alto,Auto,[Exacto]
terceros completo rosario,1200,70,Bajo,Auto,[Exacto]
todo riesgo auto rosario,1400,140,Alto,Auto,[Exacto]
seguro auto online rosario,900,100,Medio,Auto,[Frase]
mejor seguro auto rosario,800,130,Alto,Auto,[Exacto]
seguro moto rosario,1100,75,Medio,Auto,[Exacto]
renovar seguro auto rosario,1000,90,Medio,Auto,[Frase]
seguro pickup rosario,500,90,Bajo,Auto,[Exacto]
cotizar seguro fiat cronos rosario,150,75,Bajo,Long-tail,[Exacto]
seguro toyota corolla rosario,200,120,Medio,Long-tail,[Exacto]
seguro volkswagen gol rosario,180,70,Bajo,Long-tail,[Exacto]
seguro comercio rosario,980,92,Medio,Comercio,[Exacto]
seguro local comercial rosario,650,78,Bajo,Comercio,[Frase]
seguro contra robo comercio rosario,950,88,Medio,Comercio,[Exacto]
seguro responsabilidad civil comercio,720,105,Alto,Comercio,[Frase]
seguro kiosco rosario,420,62,Bajo,Comercio,[Exacto]
seguro restaurant rosario,580,88,Alto,Comercio,[Exacto]
art rosario,800,95,Alto,ART,[Exacto]
seguro art rosario,600,90,Medio,ART,[Exacto]
art para empresas rosario,450,85,Medio,ART,[Frase]
contratar art rosario,350,80,Bajo,ART,[Exacto]
seguro hogar rosario,700,85,Medio,Hogar,[Exacto]
seguro casa rosario,500,75,Bajo,Hogar,[Exacto]
